,,Bee,Bee,Bee,Bee,NoBee,NoBee,NoBee,NoBee,macro avg,macro avg,macro avg,macro avg,weighted avg,weighted avg,weighted avg,weighted avg,features,features,features,features,features,features,features,features,features
,accuracy,f1-score,precision,recall,support,f1-score,precision,recall,support,f1-score,precision,recall,support,f1-score,precision,recall,support,cqt,mfccs,flatness,spectral_centroid,spectral_rolloff,spectral_contrast,zero_crossing_rate,chroma,STFT
0,0.5306911088400613,0.3896157840083074,0.5570732866136121,0.2995656617271334,15656.0,0.6187968559495706,0.5209889485869043,0.7618165559529892,15656.0,0.504206319978939,0.5390311176002582,0.5306911088400613,31312.0,0.5042063199789389,0.5390311176002582,0.5306911088400613,31312.0,False,False,False,False,False,False,False,False,True
1,0.5684721512519162,0.5628033391574451,0.5702950819672131,0.5555058763413387,15656.0,0.5739958383252413,0.5667413771634915,0.5814384261624936,15656.0,0.5683995887413431,0.5685182295653524,0.5684721512519162,31312.0,0.5683995887413431,0.5685182295653524,0.5684721512519162,31312.0,False,False,False,False,False,False,False,True,False
2,0.5127746550843127,0.4968005805132265,0.5136407038603192,0.4810296371997956,15656.0,0.5277657401101962,0.512012012012012,0.5445196729688299,15656.0,0.5122831603117113,0.5128263579361656,0.5127746550843127,31312.0,0.5122831603117114,0.5128263579361656,0.5127746550843127,31312.0,False,False,False,False,False,False,True,False,False
3,0.6100536535513541,0.5772746157041961,0.6302540066525552,0.5325114971895759,15656.0,0.6381149970361589,0.595277593452776,0.6875958099131323,15656.0,0.6076948063701775,0.6127658000526656,0.6100536535513541,31312.0,0.6076948063701776,0.6127658000526656,0.6100536535513541,31312.0,False,False,False,False,False,True,False,False,False
4,0.5439448134900358,0.5544183724413381,0.5419716935090287,0.5674501788451711,15656.0,0.532967032967033,0.546112600536193,0.5204394481349004,15656.0,0.5436927027041856,0.5440421470226109,0.5439448134900358,31312.0,0.5436927027041855,0.5440421470226109,0.5439448134900358,31312.0,False,False,False,False,True,False,False,False,False
5,0.5625638732754216,0.5649674448149913,0.5618800934992735,0.5680889115993868,15656.0,0.5601335945277627,0.5632629335400117,0.5570388349514563,15656.0,0.5625505196713769,0.5625715135196425,0.5625638732754216,31312.0,0.5625505196713769,0.5625715135196425,0.5625638732754216,31312.0,False,False,False,True,False,False,False,False,False
6,0.5528551354113439,0.5462029624347713,0.5544515364874646,0.538196218702095,15656.0,0.5593150986748922,0.5513496742165684,0.5675140521205927,15656.0,0.5527590305548318,0.5529006053520165,0.5528551354113438,31312.0,0.5527590305548318,0.5529006053520166,0.5528551354113439,31312.0,False,False,True,False,False,False,False,False,False
7,0.6097981604496678,0.6253296534805275,0.6013920018874602,0.6512519161982626,15656.0,0.5929233024588526,0.6197241955704137,0.5683444047010731,15656.0,0.6091264779696901,0.610558098728937,0.6097981604496678,31312.0,0.60912647796969,0.6105580987289368,0.6097981604496678,31312.0,False,True,False,False,False,False,False,False,False
8,0.5406553398058253,0.5307187836471011,0.5424531448009071,0.5194813490035769,15656.0,0.5501798279906177,0.5390036154176113,0.5618293306080736,15656.0,0.5404493058188594,0.5407283801092593,0.5406553398058253,31312.0,0.5404493058188593,0.5407283801092593,0.5406553398058253,31312.0,True,False,False,False,False,False,False,False,False
9,0.5631067961165048,0.4590747330960854,0.6025534565082001,0.3707843638221768,15656.0,0.6335779718219318,0.5455761601623766,0.7554292284108329,15656.0,0.5463263524590086,0.5740648083352884,0.5631067961165048,31312.0,0.5463263524590086,0.5740648083352884,0.5631067961165048,31312.0,False,False,False,False,False,False,False,True,True
10,0.5307549821154829,0.3903572465872786,0.5570159857904086,0.3004598875830352,15656.0,0.6185914907977053,0.5210565443652425,0.7610500766479305,15656.0,0.504474368692492,0.5390362650778255,0.5307549821154829,31312.0,0.504474368692492,0.5390362650778255,0.5307549821154829,31312.0,False,False,False,False,False,False,True,False,True
11,0.5840572304547778,0.5785658814392959,0.5863064008394544,0.5710270822687787,15656.0,0.5894073139974779,0.5819223107569721,0.5970873786407767,15656.0,0.5839865977183869,0.5841143557982132,0.5840572304547778,31312.0,0.5839865977183869,0.5841143557982132,0.5840572304547778,31312.0,False,False,False,False,False,False,True,True,False
12,0.5402721001532959,0.4121370523134724,0.5713962178688711,0.32230454777721,15656.0,0.6225450350053754,0.5280459054312531,0.7582396525293817,15656.0,0.5173410436594239,0.5497210616500621,0.5402721001532959,31312.0,0.5173410436594239,0.5497210616500621,0.5402721001532959,31312.0,False,False,False,False,False,True,False,False,True
13,0.6364333163004599,0.6172673480365789,0.651618398637138,0.586356668369954,15656.0,0.6537712895377128,0.62401300510915,0.6865099642309658,15656.0,0.6355193187871458,0.6378157018731441,0.6364333163004599,31312.0,0.6355193187871458,0.637815701873144,0.6364333163004599,31312.0,False,False,False,False,False,True,False,True,False
14,0.6284810935104752,0.6042254958663628,0.6464293513867657,0.567194685743485,15656.0,0.6499353013752219,0.614452347083926,0.6897675012774656,15656.0,0.6270803986207923,0.6304408492353459,0.6284810935104752,31312.0,0.6270803986207923,0.6304408492353458,0.6284810935104752,31312.0,False,False,False,False,False,True,True,False,False
15,0.5312979049565661,0.3921471172962226,0.5577285579641847,0.3023760858456821,15656.0,0.6186070686070687,0.5214686295127936,0.7602197240674502,15656.0,0.5053770929516457,0.5395985937384892,0.5312979049565661,31312.0,0.5053770929516457,0.5395985937384892,0.5312979049565661,31312.0,False,False,False,False,True,False,False,False,True
16,0.6090955544200306,0.6198049325961359,0.6032773007618817,0.6372636688809402,15656.0,0.5977653631284917,0.615608501421416,0.5809274399591211,15656.0,0.6087851478623139,0.6094429010916489,0.6090955544200307,31312.0,0.6087851478623139,0.6094429010916489,0.6090955544200306,31312.0,False,False,False,False,True,False,False,True,False
17,0.5657894736842105,0.5804998457266275,0.5614778560343798,0.600855901890649,15656.0,0.550009929171907,0.5707514768512159,0.530723045477772,15656.0,0.5652548874492673,0.5661146664427978,0.5657894736842105,31312.0,0.5652548874492672,0.5661146664427978,0.5657894736842105,31312.0,False,False,False,False,True,False,True,False,False
18,0.621199540112417,0.6098740255895799,0.6286702380145114,0.5921691364333163,15656.0,0.631886037056578,0.6145487473588892,0.6502299437915177,15656.0,0.6208800313230789,0.6216094926867003,0.621199540112417,31312.0,0.6208800313230789,0.6216094926867002,0.621199540112417,31312.0,False,False,False,False,True,True,False,False,False
19,0.5314895247828308,0.3914378163112917,0.5583431952662722,0.3013541134389371,15656.0,0.619139103795628,0.521564167614382,0.7616249361267245,15656.0,0.5052884600534598,0.5399536814403271,0.5314895247828308,31312.0,0.5052884600534598,0.5399536814403272,0.5314895247828308,31312.0,False,False,False,True,False,False,False,False,True
20,0.6200817577925396,0.6152403130862281,0.6231817586161709,0.6074987225344916,15656.0,0.6248028764271747,0.6171339563862929,0.6326647930505876,15656.0,0.6200215947567014,0.6201578575012319,0.6200817577925396,31312.0,0.6200215947567014,0.6201578575012319,0.6200817577925396,31312.0,False,False,False,True,False,False,False,True,False
21,0.5656297904956566,0.5686467286162824,0.5647244094488189,0.5726239141543178,15656.0,0.5625703534557619,0.566560860270778,0.5586356668369954,15656.0,0.5656085410360221,0.5656426348597985,0.5656297904956566,31312.0,0.5656085410360222,0.5656426348597985,0.5656297904956566,31312.0,False,False,False,True,False,False,True,False,False
22,0.6340380684721513,0.6121509561685564,0.6510907912736698,0.5776060296371998,15656.0,0.6535868678013241,0.6204442403719221,0.6904701073071027,15656.0,0.6328689119849402,0.635767515822796,0.6340380684721512,31312.0,0.6328689119849403,0.6357675158227959,0.6340380684721513,31312.0,False,False,False,True,False,True,False,False,False
23,0.5571027082268779,0.5675169961953471,0.5544789762340037,0.5811829330608074,15656.0,0.5461744878591532,0.5599919473896121,0.5330224833929484,15656.0,0.5568457420272501,0.5572354618118078,0.5571027082268779,31312.0,0.5568457420272501,0.5572354618118079,0.5571027082268779,31312.0,False,False,False,True,True,False,False,False,False
24,0.5334057230454777,0.3949809508033791,0.5615873763542157,0.3046116504854368,15656.0,0.6202827736770973,0.5229184925503944,0.7621997956055186,15656.0,0.5076318622402383,0.542252934452305,0.5334057230454777,31312.0,0.5076318622402382,0.542252934452305,0.5334057230454777,31312.0,False,False,True,False,False,False,False,False,True
25,0.6164090444557997,0.604706269540892,0.6237354878131577,0.586803781297905,15656.0,0.6274388163404572,0.6099017065669662,0.6460143076136944,15656.0,0.6160725429406746,0.6168185971900619,0.6164090444557997,31312.0,0.6160725429406745,0.6168185971900619,0.6164090444557997,31312.0,False,False,True,False,False,False,False,True,False
26,0.5616057741440981,0.5443016963781828,0.5666689707610424,0.5236331119059785,15656.0,0.5776437648072367,0.5572573463935886,0.5995784363822176,15656.0,0.5609727305927097,0.5619631585773155,0.5616057741440981,31312.0,0.5609727305927097,0.5619631585773155,0.5616057741440981,31312.0,False,False,True,False,False,False,True,False,False
27,0.6173990802248339,0.5862973962290214,0.6381747105698391,0.5422202350536536,15656.0,0.6441513693340462,0.6020544142143254,0.6925779253960143,15656.0,0.6152243827815338,0.6201145623920823,0.6173990802248339,31312.0,0.6152243827815338,0.6201145623920823,0.6173990802248339,31312.0,False,False,True,False,False,True,False,False,False
28,0.5546116504854369,0.5574665228152568,0.5539160045402951,0.5610628513030148,15656.0,0.5517197042751526,0.555325482075838,0.5481604496678589,15656.0,0.5545931135452047,0.5546207433080665,0.5546116504854368,31312.0,0.5545931135452046,0.5546207433080664,0.5546116504854369,31312.0,False,False,True,False,True,False,False,False,False
29,0.5408788962698007,0.4918345705196182,0.5506569574164951,0.444366377107818,15656.0,0.5812896836954622,0.5342649105899989,0.6373914154317833,15656.0,0.5365621271075403,0.542460934003247,0.5408788962698007,31312.0,0.5365621271075401,0.542460934003247,0.5408788962698007,31312.0,False,False,True,True,False,False,False,False,False
30,0.5642884517118038,0.4708118381754004,0.5994074074074074,0.3876469085334696,15656.0,0.6296989930244552,0.5475055458535895,0.740929994890138,15656.0,0.5502554155999279,0.5734564766304984,0.5642884517118039,31312.0,0.5502554155999277,0.5734564766304985,0.5642884517118038,31312.0,False,True,False,False,False,False,False,False,True
31,0.6362097598364844,0.6505506641715495,0.6258780473407709,0.6772483392948391,15656.0,0.6206414227195525,0.6483891169716791,0.5951711803781298,15656.0,0.635596043445551,0.637133582156225,0.6362097598364844,31312.0,0.635596043445551,0.6371335821562251,0.6362097598364844,31312.0,False,True,False,False,False,False,False,True,False
32,0.6208801737353091,0.6371167425794027,0.61095151550683,0.6656234031681144,15656.0,0.6031225970378791,0.6327604349351105,0.5761369443025038,15656.0,0.6201196698086409,0.6218559752209702,0.6208801737353091,31312.0,0.6201196698086409,0.6218559752209704,0.6208801737353091,31312.0,False,True,False,False,False,False,True,False,False
33,0.6355710270822688,0.6447495407988543,0.6289098086850896,0.6614077669902912,15656.0,0.6259056486247254,0.6429581733683573,0.6097342871742463,15656.0,0.6353275947117898,0.6359339910267234,0.6355710270822688,31312.0,0.6353275947117898,0.6359339910267235,0.6355710270822688,31312.0,False,True,False,False,False,True,False,False,False
34,0.6208163004598876,0.6468786247509145,0.605276339956587,0.6946218702095044,15656.0,0.5906003241267542,0.6417384788310229,0.5470107307102708,15656.0,0.6187394744388344,0.6235074093938049,0.6208163004598877,31312.0,0.6187394744388343,0.6235074093938049,0.6208163004598876,31312.0,False,True,False,False,True,False,False,False,False
35,0.6271078180889116,0.6517122061806467,0.6113722856503246,0.6977516607051609,15656.0,0.5987628865979381,0.6480214221957751,0.5564639754726622,15656.0,0.6252375463892924,0.6296968539230499,0.6271078180889116,31312.0,0.6252375463892924,0.62969685392305,0.6271078180889116,31312.0,False,True,False,True,False,False,False,False,False
36,0.6197943280531426,0.6398644765102701,0.6077811620021838,0.6755237608584568,15656.0,0.5973551594683262,0.6348213643878945,0.5640648952478283,15656.0,0.6186098179892981,0.6213012631950392,0.6197943280531426,31312.0,0.6186098179892981,0.6213012631950392,0.6197943280531426,31312.0,False,True,True,False,False,False,False,False,False
37,0.5662365866121615,0.463670826093824,0.6072610674389739,0.375,15656.0,0.6358713136729223,0.5479116614304195,0.757473173224323,15656.0,0.5497710698833731,0.5775863644346967,0.5662365866121615,31312.0,0.5497710698833732,0.5775863644346967,0.5662365866121615,31312.0,True,False,False,False,False,False,False,False,True
38,0.57802120592744,0.5831203659883262,0.576158114595673,0.5902529381706694,15656.0,0.5727957580264477,0.579977738492765,0.5657894736842105,15656.0,0.577958062007387,0.578067926544219,0.5780212059274399,31312.0,0.577958062007387,0.578067926544219,0.57802120592744,31312.0,True,False,False,False,False,False,False,True,False
39,0.5370784363822176,0.5311034192734447,0.5380481090646916,0.5243357179356157,15656.0,0.5429030935637476,0.5361569604484584,0.5498211548288197,15656.0,0.5370032564185961,0.537102534756575,0.5370784363822176,31312.0,0.5370032564185963,0.537102534756575,0.5370784363822176,31312.0,True,False,False,False,False,False,True,False,False
40,0.6101814001021972,0.6197981559930227,0.6048759727626459,0.6354752171691365,15656.0,0.6000655307994758,0.6160522066738429,0.584887583035258,15656.0,0.6099318433962493,0.6104640897182444,0.6101814001021972,31312.0,0.6099318433962493,0.6104640897182444,0.6101814001021972,31312.0,True,False,False,False,False,True,False,False,False
41,0.5497572815533981,0.5499297663133701,0.5497191728363544,0.5501405212059275,15656.0,0.5495846645367412,0.549795448734339,0.5493740419008687,15656.0,0.5497572154250556,0.5497573107853467,0.5497572815533981,31312.0,0.5497572154250556,0.5497573107853466,0.5497572815533981,31312.0,True,False,False,False,True,False,False,False,False
42,0.5521844660194175,0.5533256880733944,0.5519191662430096,0.5547393970362801,15656.0,0.5510373975409836,0.552452491011813,0.549629535002555,15656.0,0.552181542807189,0.5521858286274113,0.5521844660194175,31312.0,0.552181542807189,0.5521858286274114,0.5521844660194175,31312.0,True,False,False,True,False,False,False,False,False
43,0.5495656617271334,0.5268066832181441,0.5548409893992933,0.5014690853346959,15656.0,0.5702358461819732,0.5452161752709475,0.5976622381195708,15656.0,0.5485212647000586,0.5500285823351203,0.5495656617271334,31312.0,0.5485212647000587,0.5500285823351203,0.5495656617271334,31312.0,True,False,True,False,False,False,False,False,False
44,0.6373594787940725,0.6578273316257345,0.6226824120029665,0.6971768012263669,15656.0,0.6142871700805055,0.656025538707103,0.5775421563617782,15656.0,0.6360572508531199,0.6393539753550348,0.6373594787940726,31312.0,0.6360572508531199,0.6393539753550347,0.6373594787940725,31312.0,True,True,False,False,False,False,False,False,False
45,0.5651507409299948,0.461051298290057,0.6061615320566195,0.3719979560551865,15656.0,0.6355460385438972,0.5469959454478437,0.7583035258048033,15656.0,0.548298668416977,0.5765787387522316,0.565150740929995,31312.0,0.548298668416977,0.5765787387522316,0.5651507409299948,31312.0,False,False,False,False,False,False,True,True,True
46,0.5754982115482882,0.4804565353345841,0.6190572119258663,0.39256515074093,15656.0,0.6411447084233263,0.5552749719416387,0.7584312723556464,15656.0,0.5608006218789552,0.5871660919337525,0.5754982115482883,31312.0,0.5608006218789552,0.5871660919337525,0.5754982115482882,31312.0,False,False,False,False,False,True,False,True,True
47,0.5410385794583547,0.4139787138604575,0.5724596819668434,0.3242207460398569,15656.0,0.6228182987323168,0.5286255290710626,0.7578564128768523,15656.0,0.5183985062963872,0.5505426055189531,0.5410385794583547,31312.0,0.5183985062963872,0.550542605518953,0.5410385794583547,31312.0,False,False,False,False,False,True,True,False,True
48,0.6415112416964742,0.6283481773333776,0.6522994431841617,0.6060935104752172,15656.0,0.6537737885938127,0.6321503131524009,0.6769289729177312,15656.0,0.6410609829635951,0.6422248781682813,0.6415112416964742,31312.0,0.6410609829635953,0.6422248781682812,0.6415112416964742,31312.0,False,False,False,False,False,True,True,True,False
49,0.5644161982626469,0.4626295260234033,0.6037017994858612,0.375,15656.0,0.6337835297908331,0.5467179320887571,0.7538323965252938,15656.0,0.5482065279071182,0.5752098657873091,0.5644161982626469,31312.0,0.5482065279071182,0.5752098657873091,0.5644161982626469,31312.0,False,False,False,False,True,False,False,True,True
50,0.5312979049565661,0.3925496688741722,0.5576199435559737,0.3028870720490547,15656.0,0.6184484193011648,0.5214836899333567,0.7597087378640777,15656.0,0.5054990440876685,0.5395518167446651,0.5312979049565661,31312.0,0.5054990440876684,0.5395518167446652,0.5312979049565661,31312.0,False,False,False,False,True,False,True,False,True
51,0.6172074603985692,0.6280642959101347,0.6107423053711527,0.6463975472662238,15656.0,0.6056977432725837,0.6244742911409578,0.5880173735309147,15656.0,0.6168810195913592,0.6176082982560552,0.6172074603985692,31312.0,0.6168810195913592,0.6176082982560552,0.6172074603985692,31312.0,False,False,False,False,True,False,True,True,False
52,0.5413898824731732,0.4149282920469361,0.5729072907290729,0.3252427184466019,15656.0,0.6228991596638657,0.5288976097038887,0.7575370464997445,15656.0,0.5189137258554009,0.5509024502164808,0.5413898824731732,31312.0,0.5189137258554009,0.5509024502164809,0.5413898824731732,31312.0,False,False,False,False,True,True,False,False,True
53,0.6405850792028616,0.6350132970097944,0.6450125181183292,0.6253193663771078,15656.0,0.6459893048128342,0.6364199826453453,0.6558507920286152,15656.0,0.6405013009113143,0.6407162503818372,0.6405850792028616,31312.0,0.6405013009113144,0.6407162503818371,0.6405850792028616,31312.0,False,False,False,False,True,True,False,True,False
54,0.6291836995401124,0.6260908768879013,0.631356757809963,0.62091211037302,15656.0,0.6322257768204999,0.62708136977694,0.6374552887072049,15656.0,0.6291583268542006,0.6292190637934515,0.6291836995401124,31312.0,0.6291583268542005,0.6292190637934515,0.6291836995401124,31312.0,False,False,False,False,True,True,True,False,False
55,0.5643842616249362,0.4609547897565602,0.6044776119402985,0.372508942258559,15656.0,0.6345123258306538,0.5465288035450517,0.7562595809913132,15656.0,0.547733557793607,0.5755032077426752,0.5643842616249362,31312.0,0.547733557793607,0.5755032077426752,0.5643842616249362,31312.0,False,False,False,True,False,False,False,True,True
56,0.5321282575370465,0.3913585375986705,0.5597813168528643,0.3008431272355646,15656.0,0.6200134875758676,0.5219669840160712,0.7634133878385284,15656.0,0.5056860125872691,0.5408741504344677,0.5321282575370465,31312.0,0.505686012587269,0.5408741504344677,0.5321282575370465,31312.0,False,False,False,True,False,False,True,False,True
57,0.6187404190086868,0.623976313468565,0.6155232413621675,0.6326647930505876,15656.0,0.613356652416116,0.6221419185282523,0.6048160449667859,15656.0,0.6186664829423405,0.6188325799452099,0.6187404190086867,31312.0,0.6186664829423405,0.6188325799452099,0.6187404190086868,31312.0,False,False,False,True,False,False,True,True,False
58,0.5406553398058253,0.4119066116040397,0.572321327121918,0.3217296882984159,15656.0,0.6231561296407893,0.5282750655235219,0.7595809913132345,15656.0,0.5175313706224145,0.5502981963227199,0.5406553398058253,31312.0,0.5175313706224145,0.5502981963227199,0.5406553398058253,31312.0,False,False,False,True,False,True,False,False,True
59,0.6441939192641799,0.6293869132763381,0.6567164179104478,0.6042411854879918,15656.0,0.6578632189908792,0.6335245756195659,0.6841466530403679,15656.0,0.6436250661336087,0.6451204967650068,0.6441939192641799,31312.0,0.6436250661336087,0.6451204967650069,0.6441939192641799,31312.0,False,False,False,True,False,True,False,True,False
60,0.6387327542156361,0.6209877370501908,0.6530655391120508,0.59191364333163,15656.0,0.6548904753188114,0.6268543394463264,0.6855518650996423,15656.0,0.6379391061845011,0.6399599392791886,0.6387327542156361,31312.0,0.6379391061845011,0.6399599392791886,0.6387327542156361,31312.0,False,False,False,True,False,True,True,False,False
61,0.5321282575370465,0.3940271343481138,0.559037558685446,0.3042284108329075,15656.0,0.6189658759883478,0.5220691470691471,0.7600281042411855,15656.0,0.5064965051682309,0.5405533528772966,0.5321282575370465,31312.0,0.5064965051682309,0.5405533528772966,0.5321282575370465,31312.0,False,False,False,True,True,False,False,False,True
62,0.615929994890138,0.6227492314448836,0.6118850943163605,0.6340061318344404,15656.0,0.6088596890652443,0.6202783300198808,0.5978538579458355,15656.0,0.615804460255064,0.6160817121681206,0.615929994890138,31312.0,0.615804460255064,0.6160817121681206,0.615929994890138,31312.0,False,False,False,True,True,False,False,True,False
63,0.5661727133367399,0.5725075528700906,0.5642679900744417,0.5809913132345427,15656.0,0.5596473029045644,0.5681937862032649,0.5513541134389371,15656.0,0.5660774278873275,0.5662308881388534,0.5661727133367399,31312.0,0.5660774278873274,0.5662308881388534,0.5661727133367399,31312.0,False,False,False,True,True,False,True,False,False
64,0.6269800715380685,0.6273846742806101,0.6267049075844487,0.6280659172202351,15656.0,0.6265745891681054,0.6272564332351812,0.6258942258559019,15656.0,0.6269796317243577,0.626980670409815,0.6269800715380685,31312.0,0.6269796317243578,0.6269806704098151,0.6269800715380685,31312.0,False,False,False,True,True,True,False,False,False
65,0.5690470107307103,0.4697005423249234,0.6104187946884576,0.3817066939192642,15656.0,0.6370434127709935,0.5502276740079918,0.7563873275421563,15656.0,0.5533719775479584,0.5803232343482247,0.5690470107307103,31312.0,0.5533719775479584,0.5803232343482247,0.5690470107307103,31312.0,False,False,True,False,False,False,False,True,True
66,0.5324476239141543,0.3928334439283344,0.5600756859035004,0.3025038323965253,15656.0,0.619858745326132,0.5222261113055653,0.7623914154317833,15656.0,0.5063460946272332,0.5411508986045328,0.5324476239141543,31312.0,0.5063460946272332,0.5411508986045329,0.5324476239141543,31312.0,False,False,True,False,False,False,True,False,True
67,0.6186765457332652,0.608447563455106,0.6252190322145842,0.5925523760858457,15656.0,0.6283846872082166,0.6127837805026102,0.6448007153806847,15656.0,0.6184161253316613,0.6190014063585971,0.6186765457332652,31312.0,0.6184161253316612,0.6190014063585972,0.6186765457332652,31312.0,False,False,True,False,False,False,True,True,False
68,0.5437851303014819,0.418812807681354,0.5768239381373977,0.3287557485947879,15656.0,0.6245235904849521,0.5306177140560097,0.7588145120081757,15656.0,0.5216681990831531,0.5537208260967037,0.5437851303014818,31312.0,0.5216681990831531,0.5537208260967037,0.5437851303014819,31312.0,False,False,True,False,False,True,False,False,True
69,0.6413515585079202,0.6238863956058677,0.6558231235037318,0.5949156872764435,15656.0,0.6572666788744429,0.6293395675043834,0.687787429739397,15656.0,0.6405765372401553,0.6425813455040577,0.6413515585079202,31312.0,0.6405765372401552,0.6425813455040577,0.6413515585079202,31312.0,False,False,True,False,False,True,False,True,False
70,0.618261369443025,0.5865873482516516,0.6396620653239797,0.5416453755748595,15656.0,0.6454273085936341,0.6025477707006369,0.6948773633111905,15656.0,0.6160073284226428,0.6211049180123083,0.618261369443025,31312.0,0.6160073284226429,0.6211049180123084,0.618261369443025,31312.0,False,False,True,False,False,True,True,False,False
71,0.5328947368421053,0.3951699611281118,0.560403471733521,0.3051865099642309,15656.0,0.6195307216065762,0.522601597472132,0.7606029637199796,15656.0,0.507350341367344,0.5415025346028265,0.5328947368421053,31312.0,0.507350341367344,0.5415025346028265,0.5328947368421053,31312.0,False,False,True,False,True,False,False,False,True
72,0.6242015840572305,0.6250995635135567,0.623609433602441,0.626596831885539,15656.0,0.6232992925056823,0.6247994352095501,0.6218063362289218,15656.0,0.6241994280096195,0.6242044344059956,0.6242015840572304,31312.0,0.6241994280096196,0.6242044344059955,0.6242015840572305,31312.0,False,False,True,False,True,False,False,True,False
73,0.5792667347981605,0.5726057617440955,0.5818169831223629,0.5636816555952989,15656.0,0.5857232704402516,0.576870664023786,0.5948518140010219,15656.0,0.5791645160921736,0.5793438235730743,0.5792667347981604,31312.0,0.5791645160921735,0.5793438235730743,0.5792667347981605,31312.0,False,False,True,False,True,False,True,False,False
74,0.6281936637710782,0.6139408409603395,0.6384137931034483,0.5912749105774144,15656.0,0.6414315633854873,0.6193790149892934,0.665112416964742,15656.0,0.6276862021729135,0.6288964040463708,0.6281936637710782,31312.0,0.6276862021729135,0.6288964040463708,0.6281936637710782,31312.0,False,False,True,False,True,True,False,False,False
75,0.5336931527848748,0.3954287607138421,0.5620953502060035,0.3049948901379662,15656.0,0.6204870948457359,0.5231187272647587,0.7623914154317833,15656.0,0.507957927779789,0.5426070387353812,0.5336931527848748,31312.0,0.5079579277797891,0.5426070387353811,0.5336931527848748,31312.0,False,False,True,True,False,False,False,False,True
76,0.6253513030148186,0.6112344656172328,0.6351677112748811,0.5890393459376597,15656.0,0.6384788437239977,0.6168641695944739,0.6616632600919775,15656.0,0.6248566546706152,0.6260159404346775,0.6253513030148186,31312.0,0.6248566546706154,0.6260159404346775,0.6253513030148186,31312.0,False,False,True,True,False,False,False,True,False
77,0.559721512519162,0.5224800831312781,0.5707582866656576,0.4817322432294328,15656.0,0.5915743319310304,0.5516631672007957,0.6377107818088912,15656.0,0.5570272075311542,0.5612107269332267,0.559721512519162,31312.0,0.5570272075311542,0.5612107269332266,0.559721512519162,31312.0,False,False,True,True,False,False,True,False,False
78,0.6217105263157895,0.5937232035671411,0.6411586043410623,0.5528231987736331,15656.0,0.646090412023066,0.6069724358614496,0.6905978538579458,15656.0,0.6199068077951035,0.6240655201012559,0.6217105263157894,31312.0,0.6199068077951035,0.624065520101256,0.6217105263157895,31312.0,False,False,True,True,False,True,False,False,False
79,0.5565917220235054,0.5334677419354839,0.5628190584231424,0.507026060296372,15656.0,0.5775316455696203,0.551487680148768,0.6061573837506388,15656.0,0.555499693752552,0.5571533692859552,0.5565917220235054,31312.0,0.5554996937525521,0.5571533692859552,0.5565917220235054,31312.0,False,False,True,True,True,False,False,False,False
80,0.5879215636177824,0.5138098647273823,0.6264816686575393,0.4354879918242207,15656.0,0.6424276014964666,0.5673797053208673,0.7403551354113439,15656.0,0.5781187331119244,0.5969306869892033,0.5879215636177824,31312.0,0.5781187331119245,0.5969306869892033,0.5879215636177824,31312.0,False,True,False,False,False,False,False,True,True
81,0.5655339805825242,0.4697536638603056,0.6026,0.3849003576903423,15656.0,0.632006059294525,0.5481418918918919,0.7461676034747062,15656.0,0.5508798615774153,0.575370945945946,0.5655339805825244,31312.0,0.5508798615774154,0.575370945945946,0.5655339805825242,31312.0,False,True,False,False,False,False,True,False,True
82,0.6460143076136944,0.6602084610668301,0.6347559537844848,0.687787429739397,15656.0,0.6305825889881349,0.659325341511012,0.6042411854879918,15656.0,0.6453955250274825,0.6470406476477484,0.6460143076136944,31312.0,0.6453955250274825,0.6470406476477484,0.6460143076136944,31312.0,False,True,False,False,False,False,True,True,False
83,0.5684402146142055,0.4795686501059118,0.603938306334271,0.397675012774655,15656.0,0.6313865626449167,0.5510165214493168,0.7392054164537557,15656.0,0.5554776063754142,0.577477413891794,0.5684402146142054,31312.0,0.5554776063754142,0.5774774138917939,0.5684402146142055,31312.0,False,True,False,False,False,True,False,False,True
84,0.657064384261625,0.6650028077619018,0.6499573118673009,0.680761369443025,15656.0,0.6487405953549232,0.6648786375217917,0.6333673990802249,15656.0,0.6568717015584125,0.6574179746945463,0.657064384261625,31312.0,0.6568717015584126,0.6574179746945462,0.657064384261625,31312.0,False,True,False,False,False,True,False,True,False
85,0.6493676545733266,0.6607545653987579,0.6399712695277429,0.6829330608073582,15656.0,0.6371897822279503,0.6601163984936665,0.6158022483392949,15656.0,0.648972173813354,0.6500438340107046,0.6493676545733265,31312.0,0.648972173813354,0.6500438340107048,0.6493676545733266,31312.0,False,True,False,False,False,True,True,False,False
86,0.5659172202350536,0.4740345174522096,0.6013155311211467,0.3912238119570771,15656.0,0.6304714262410962,0.5488497585913092,0.7406106285130302,15656.0,0.5522529718466529,0.575082644856228,0.5659172202350536,31312.0,0.5522529718466529,0.575082644856228,0.5659172202350536,31312.0,False,True,False,False,True,False,False,False,True
87,0.6470043433827287,0.6694775873927215,0.6294068034860838,0.7149974450689831,15656.0,0.6212520988246581,0.6701411990833148,0.5790112416964742,15656.0,0.6453648431086898,0.6497740012846993,0.6470043433827286,31312.0,0.6453648431086898,0.6497740012846992,0.6470043433827287,31312.0,False,True,False,False,True,False,False,True,False
88,0.6295669391926418,0.6549046443128737,0.6129768866610972,0.7029892692897292,15656.0,0.6002136973081033,0.6518679344164109,0.5561446090955544,15656.0,0.6275591708104884,0.632422410538754,0.6295669391926417,31312.0,0.6275591708104884,0.632422410538754,0.6295669391926418,31312.0,False,True,False,False,True,False,True,False,False
89,0.644896525293817,0.6630912341302305,0.6307718913933245,0.6989013796627491,15656.0,0.6246244218628676,0.6624418188327963,0.590891670924885,15656.0,0.643857827996549,0.6466068551130604,0.644896525293817,31312.0,0.643857827996549,0.6466068551130604,0.644896525293817,31312.0,False,True,False,False,True,True,False,False,False
90,0.5649271844660194,0.47093090993825,0.6007133656989994,0.3872636688809402,15656.0,0.6305627118644067,0.5479051793204204,0.7425907000510986,15656.0,0.5507468109013284,0.5743092725097099,0.5649271844660194,31312.0,0.5507468109013284,0.57430927250971,0.5649271844660194,31312.0,False,True,False,True,False,False,False,False,True
91,0.6516990291262136,0.6742727435637059,0.6332323572310109,0.7210015329586101,15656.0,0.6257635028481229,0.6761085570220969,0.582396525293817,15656.0,0.6500181232059143,0.6546704571265539,0.6516990291262136,31312.0,0.6500181232059145,0.6546704571265539,0.6516990291262136,31312.0,False,True,False,True,False,False,False,True,False
92,0.6328244762391415,0.655768136770562,0.6172011497491968,0.6994762391415432,15656.0,0.6066039349871686,0.653253740142973,0.5661727133367399,15656.0,0.6311860358788652,0.6352274449460849,0.6328244762391415,31312.0,0.6311860358788652,0.6352274449460849,0.6328244762391415,31312.0,False,True,False,True,False,False,True,False,False
93,0.6536471640265713,0.6716919444192172,0.6384301087644587,0.7086101175268268,15656.0,0.633503430096989,0.6726228919985647,0.5986842105263158,15656.0,0.6525976872581031,0.6555265003815117,0.6536471640265713,31312.0,0.6525976872581031,0.6555265003815117,0.6536471640265713,31312.0,False,True,False,True,False,True,False,False,False
94,0.6294391926417987,0.6585243827069661,0.6105987010860667,0.7146142054164537,15656.0,0.5949380345610054,0.6560166294556933,0.5442641798671436,15656.0,0.6267312086339858,0.63330766527088,0.6294391926417986,31312.0,0.6267312086339857,0.63330766527088,0.6294391926417987,31312.0,False,True,False,True,True,False,False,False,False
95,0.5678972917731221,0.4778077962176765,0.6036668617125024,0.3953755748594788,15656.0,0.6314757313286484,0.5504796276949377,0.7404190086867655,15656.0,0.5546417637731624,0.5770732447037201,0.5678972917731221,31312.0,0.5546417637731624,0.5770732447037201,0.5678972917731221,31312.0,False,True,True,False,False,False,False,False,True
96,0.6464933571793562,0.6662847839850463,0.6309598583909096,0.705799693408278,15656.0,0.6242064165676456,0.6662076962098703,0.5871870209504343,15656.0,0.645245600276346,0.64858377730039,0.6464933571793561,31312.0,0.645245600276346,0.64858377730039,0.6464933571793562,31312.0,False,True,True,False,False,False,False,True,False
97,0.6263413387838528,0.6438139308329275,0.6150535132619823,0.6753960143076136,15656.0,0.6070660934981192,0.6400849858356941,0.5772866632600919,15656.0,0.6254400121655234,0.6275692495488382,0.6263413387838528,31312.0,0.6254400121655235,0.6275692495488382,0.6263413387838528,31312.0,False,True,True,False,False,False,True,False,False
98,0.6490802248339295,0.6637904656997735,0.6370844590626101,0.6928334184977005,15656.0,0.6330238461024649,0.6633767324653507,0.6053270311701584,15656.0,0.6484071559011192,0.6502305957639805,0.6490802248339295,31312.0,0.6484071559011191,0.6502305957639803,0.6490802248339295,31312.0,False,True,True,False,False,True,False,False,False
99,0.6271397547266224,0.6541048203122685,0.6099906061778195,0.7050970873786407,15656.0,0.5956149769665062,0.6506242905788876,0.549182422074604,15656.0,0.6248598986393874,0.6303074483783535,0.6271397547266224,31312.0,0.6248598986393874,0.6303074483783536,0.6271397547266224,31312.0,False,True,True,False,True,False,False,False,False
100,0.6257026060296372,0.6489336208962377,0.6110108303249098,0.6918753193663771,15656.0,0.5991792065663475,0.6448763250883393,0.5595298926928973,15656.0,0.6240564137312926,0.6279435777066245,0.6257026060296372,31312.0,0.6240564137312927,0.6279435777066245,0.6257026060296372,31312.0,False,True,True,True,False,False,False,False,False
101,0.5853666326009198,0.5010951850286285,0.6289186842866789,0.4164537557485948,15656.0,0.6452829157673288,0.5638099785151588,0.7542795094532447,15656.0,0.5731890503979786,0.5963643314009188,0.5853666326009197,31312.0,0.5731890503979786,0.5963643314009188,0.5853666326009198,31312.0,True,False,False,False,False,False,False,True,True
102,0.562052887072049,0.4552496722679061,0.6020804875485972,0.3659938681655595,15656.0,0.6338415529625377,0.5445744436797431,0.7581119059785386,15656.0,0.5445456126152219,0.5733274656141701,0.562052887072049,31312.0,0.5445456126152219,0.5733274656141701,0.562052887072049,31312.0,True,False,False,False,False,False,True,False,True
103,0.5789154317833418,0.5864567324279397,0.5761385345411968,0.5971512519161982,15656.0,0.5710939787254805,0.5819025522041763,0.5606796116504854,15656.0,0.5787753555767101,0.5790205433726865,0.5789154317833418,31312.0,0.5787753555767102,0.5790205433726866,0.5789154317833418,31312.0,True,False,False,False,False,False,True,True,False
104,0.5724642309657639,0.4778657513943601,0.613643193428829,0.3912876852324987,15656.0,0.6380424496417466,0.5531904918186507,0.7536407766990292,15656.0,0.5579541005180534,0.5834168426237398,0.5724642309657639,31312.0,0.5579541005180534,0.5834168426237398,0.5724642309657639,31312.0,True,False,False,False,False,True,False,False,True
105,0.6216466530403679,0.6302088210506601,0.6162627434222575,0.6448007153806847,15656.0,0.612678588943015,0.6275534123635389,0.5984925907000511,15656.0,0.6214437049968375,0.6219080778928983,0.6216466530403679,31312.0,0.6214437049968377,0.6219080778928981,0.6216466530403679,31312.0,True,False,False,False,False,True,False,True,False
106,0.6097981604496678,0.6182113617898882,0.6051633427138138,0.6318344404701073,15656.0,0.6010058128143164,0.6148603501269544,0.5877618804292284,15656.0,0.6096085873021023,0.6100118464203841,0.6097981604496678,31312.0,0.6096085873021024,0.6100118464203841,0.6097981604496678,31312.0,True,False,False,False,False,True,True,False,False
107,0.5694302503832397,0.4712941176470588,0.6104225924420967,0.3838145120081758,15656.0,0.6368387027259993,0.550633501024781,0.7550459887583035,15656.0,0.5540664101865291,0.5805280467334388,0.5694302503832397,31312.0,0.554066410186529,0.5805280467334388,0.5694302503832397,31312.0,True,False,False,False,True,False,False,False,True
108,0.5881451200817578,0.5973523167228675,0.584290251649157,0.6110117526826776,15656.0,0.5785069943783502,0.5923694779116466,0.565278487480838,15656.0,0.5879296555506088,0.5883298647804018,0.5881451200817578,31312.0,0.5879296555506088,0.5883298647804018,0.5881451200817578,31312.0,True,False,False,False,True,False,False,True,False
109,0.5502682677567705,0.5480164334317628,0.5507741935483871,0.5452861522738887,15656.0,0.5524977755179865,0.549772324816595,0.5552503832396525,15656.0,0.5502571044748746,0.550273259182491,0.5502682677567705,31312.0,0.5502571044748746,0.550273259182491,0.5502682677567705,31312.0,True,False,False,False,True,False,True,False,False
110,0.6118421052631579,0.6235753221010902,0.6052789802789803,0.643012263668881,15656.0,0.5993539029535865,0.6192779291553133,0.5806719468574348,15656.0,0.6114646125273384,0.6122784547171468,0.611842105263158,31312.0,0.6114646125273383,0.6122784547171469,0.6118421052631579,31312.0,True,False,False,False,True,True,False,False,False
111,0.5727835973428718,0.4776445780780194,0.6144880940419973,0.3906489524782831,15656.0,0.6386059705524787,0.5533498759305211,0.7549182422074604,15656.0,0.558125274315249,0.5839189849862592,0.5727835973428718,31312.0,0.558125274315249,0.5839189849862593,0.5727835973428718,31312.0,True,False,False,True,False,False,False,False,True
112,0.593223045477772,0.6025028867459351,0.5890645023494233,0.6165687276443536,15656.0,0.5834995585494261,0.5977889447236181,0.5698773633111905,15656.0,0.5930012226476806,0.5934267235365207,0.593223045477772,31312.0,0.5930012226476805,0.5934267235365207,0.593223045477772,31312.0,True,False,False,True,False,False,False,True,False
113,0.5494059785385794,0.5470771403807262,0.549919328815747,0.5442641798671436,15656.0,0.5517109903727004,0.5489030789656698,0.5545477772100154,15656.0,0.5493940653767133,0.5494112038907084,0.5494059785385794,31312.0,0.5493940653767133,0.5494112038907084,0.5494059785385794,31312.0,True,False,False,True,False,False,True,False,False
114,0.6150038323965253,0.6285168407753228,0.6072045251562965,0.6513796627491057,15656.0,0.6004706194279654,0.624027002824275,0.5786280020439448,15656.0,0.6144937301016441,0.6156157639902857,0.6150038323965252,31312.0,0.614493730101644,0.6156157639902858,0.6150038323965253,31312.0,True,False,False,True,False,True,False,False,False
115,0.5580608073582013,0.5639926901506082,0.5565228205447084,0.5716658150229944,15656.0,0.5519652917179305,0.5596848325673014,0.5444557996934083,15656.0,0.5579789909342694,0.5581038265560049,0.5580608073582014,31312.0,0.5579789909342693,0.5581038265560049,0.5580608073582013,31312.0,True,False,False,True,True,False,False,False,False
116,0.5722087378640777,0.4742316599285631,0.6151104775481112,0.3858584568216658,15656.0,0.6394056047594692,0.5526034153831837,0.7585590189064896,15656.0,0.5568186323440161,0.5838569464656475,0.5722087378640777,31312.0,0.5568186323440161,0.5838569464656475,0.5722087378640777,31312.0,True,False,True,False,False,False,False,False,True
117,0.5887838528359735,0.5834896810506567,0.5910997509503212,0.5760730710270823,15656.0,0.5939451277199621,0.5865827831070138,0.6014946346448646,15656.0,0.5887174043853094,0.5888412670286676,0.5887838528359735,31312.0,0.5887174043853094,0.5888412670286676,0.5887838528359735,31312.0,True,False,True,False,False,False,False,True,False
118,0.5495337250894226,0.5252919597482584,0.5551682435797112,0.4984670413898824,15656.0,0.5714198900063809,0.544943494639235,0.6006004087889627,15656.0,0.5483559248773197,0.550055869109473,0.5495337250894226,31312.0,0.5483559248773197,0.5500558691094731,0.5495337250894226,31312.0,True,False,True,False,False,False,True,False,False
119,0.6054228410832907,0.6050570597449094,0.6056184808344532,0.604496678589678,15656.0,0.6057879455026961,0.6052279247688874,0.6063490035769035,15656.0,0.6054225026238027,0.6054232028016704,0.6054228410832907,31312.0,0.6054225026238028,0.6054232028016704,0.6054228410832907,31312.0,True,False,True,False,False,True,False,False,False
120,0.5555697496167603,0.5455554829860884,0.5581317653347588,0.5335334695963209,15656.0,0.5651521779888756,0.553224030343815,0.5776060296371998,15656.0,0.555353830487482,0.5556778978392869,0.5555697496167603,31312.0,0.555353830487482,0.5556778978392869,0.5555697496167603,31312.0,True,False,True,False,True,False,False,False,False
121,0.5599450689831375,0.5507775568089198,0.5624958380502098,0.5395375574859479,15656.0,0.5687458921473507,0.5575943540963486,0.580352580480327,15656.0,0.5597617244781352,0.5600450960732792,0.5599450689831375,31312.0,0.5597617244781353,0.5600450960732791,0.5599450689831375,31312.0,True,False,True,True,False,False,False,False,False
122,0.5837059274399591,0.509464494035299,0.6200421361179811,0.4323582013285641,15656.0,0.6384288924024298,0.5642559450845795,0.7350536535513541,15656.0,0.5739466932188644,0.5921490406012804,0.5837059274399591,31312.0,0.5739466932188644,0.5921490406012804,0.5837059274399591,31312.0,True,True,False,False,False,False,False,False,True
123,0.6574156872764435,0.6787265267004104,0.6389781762815091,0.7237480838017374,15656.0,0.6330767915170172,0.6814934825834008,0.5910832907511497,15656.0,0.6559016591087139,0.660235829432455,0.6574156872764436,31312.0,0.6559016591087139,0.660235829432455,0.6574156872764435,31312.0,True,True,False,False,False,False,False,True,False
124,0.6286727133367399,0.6512074396280186,0.6139487527575089,0.6932805314256515,15656.0,0.6030250264604459,0.6477664490574342,0.5640648952478283,15656.0,0.6271162330442323,0.6308576009074716,0.6286727133367399,31312.0,0.6271162330442323,0.6308576009074716,0.6286727133367399,31312.0,True,True,False,False,False,False,True,False,False
125,0.6490802248339295,0.6693747367154119,0.6327796108772329,0.7104624425140521,15656.0,0.6261313371895203,0.6699432066404544,0.5876980071538068,15656.0,0.6477530369524661,0.6513614087588436,0.6490802248339295,31312.0,0.6477530369524661,0.6513614087588436,0.6490802248339295,31312.0,True,True,False,False,False,True,False,False,False
126,0.636720746039857,0.6583365872705975,0.6213641775812213,0.6999872253449156,15656.0,0.6121850601752412,0.656526508226691,0.5734542667347982,15656.0,0.6352608237229194,0.6389453429039562,0.636720746039857,31312.0,0.6352608237229194,0.6389453429039561,0.636720746039857,31312.0,True,True,False,False,True,False,False,False,False
127,0.636561062851303,0.6571463003133285,0.6219206204379562,0.6966019417475728,15656.0,0.6133460179396576,0.6551974448315911,0.5765201839550332,15656.0,0.6352461591264931,0.6385590326347736,0.636561062851303,31312.0,0.6352461591264932,0.6385590326347735,0.636561062851303,31312.0,True,True,False,True,False,False,False,False,False
128,0.6339103219213081,0.6498243470291737,0.6227530885883248,0.6793561573837507,15656.0,0.616480979624611,0.6472985315815358,0.5884644864588656,15656.0,0.6331526633268924,0.6350258100849303,0.6339103219213081,31312.0,0.6331526633268924,0.6350258100849303,0.6339103219213081,31312.0,True,True,True,False,False,False,False,False,False
129,0.5766159938681655,0.481885332395357,0.6207834054979358,0.3937787429739397,15656.0,0.6420606420606421,0.5561012113558768,0.7594532447623914,15656.0,0.5619729872279995,0.5884423084269063,0.5766159938681655,31312.0,0.5619729872279995,0.5884423084269063,0.5766159938681655,31312.0,False,False,False,False,False,True,True,True,True
130,0.5664920797138477,0.4636478583847004,0.6078532946539578,0.3747445068983137,15656.0,0.6362418265623324,0.5480609418282548,0.7582396525293817,15656.0,0.5499448424735165,0.5779571182411063,0.5664920797138477,31312.0,0.5499448424735164,0.5779571182411063,0.5664920797138477,31312.0,False,False,False,False,True,False,True,True,True
131,0.57597726111395,0.4819136067428883,0.6192959582790091,0.3944174757281553,15656.0,0.6411330648430954,0.5557377817346891,0.7575370464997445,15656.0,0.5615233357929919,0.5875168700068492,0.57597726111395,31312.0,0.5615233357929919,0.587516870006849,0.57597726111395,31312.0,False,False,False,False,True,True,False,True,True
132,0.5412621359223301,0.4145267791636096,0.5727641360666816,0.324795605518651,15656.0,0.6228931478078236,0.5287955781403227,0.7577286663260092,15656.0,0.5187099634857166,0.5507798571035022,0.5412621359223301,31312.0,0.5187099634857166,0.5507798571035023,0.5412621359223301,31312.0,False,False,False,False,True,True,True,False,True
133,0.6426290240163516,0.6450098344013704,0.6407412076137653,0.6493357179356157,15656.0,0.6402160632756736,0.6445681729897708,0.6359223300970874,15656.0,0.6426129488385219,0.642654690301768,0.6426290240163516,31312.0,0.6426129488385219,0.642654690301768,0.6426290240163516,31312.0,False,False,False,False,True,True,True,True,False
134,0.5664920797138477,0.4627137428752375,0.6083472106577852,0.3733392948390393,15656.0,0.6366702355460386,0.5479635090305934,0.7596448645886561,15656.0,0.549691989210638,0.5781553598441893,0.5664920797138477,31312.0,0.549691989210638,0.5781553598441893,0.5664920797138477,31312.0,False,False,False,True,False,False,True,True,True
135,0.5752427184466019,0.4792482380579482,0.6191825171995143,0.3909044455799693,15656.0,0.6413547621615792,0.5549747993279821,0.7595809913132345,15656.0,0.5603015001097638,0.5870786582637482,0.5752427184466019,31312.0,0.5603015001097638,0.5870786582637483,0.5752427184466019,31312.0,False,False,False,True,False,True,False,True,True
136,0.5398249872253449,0.4110361741263029,0.5707798842093313,0.3211548288196219,15656.0,0.6223957650881835,0.5277074167888726,0.758495145631068,15656.0,0.5167159696072432,0.549243650499102,0.5398249872253449,31312.0,0.5167159696072432,0.5492436504991021,0.5398249872253449,31312.0,False,False,False,True,False,True,True,False,True
137,0.6449923352069494,0.6365182133281015,0.6520836124882755,0.6216785896780787,15656.0,0.6530803320641657,0.6385328939338459,0.6683060807358201,15656.0,0.6447992726961336,0.6453082532110608,0.6449923352069493,31312.0,0.6447992726961336,0.6453082532110608,0.6449923352069494,31312.0,False,False,False,True,False,True,True,True,False
138,0.5657575370464998,0.4634810401294243,0.6062764529782182,0.3751277465508431,15656.0,0.6352833883211287,0.547606936416185,0.7563873275421563,15656.0,0.5493822142252766,0.5769416946972016,0.5657575370464998,31312.0,0.5493822142252766,0.5769416946972016,0.5657575370464998,31312.0,False,False,False,True,True,False,False,True,True
139,0.532639243740419,0.39348474801061,0.5603163361661945,0.3032064384261625,15656.0,0.619856608478803,0.5223730297723292,0.7620720490546755,15656.0,0.5066706782447066,0.5413446829692619,0.532639243740419,31312.0,0.5066706782447065,0.5413446829692619,0.532639243740419,31312.0,False,False,False,True,True,False,True,False,True
140,0.6216785896780787,0.6355076923076923,0.613096651626692,0.6596193152784875,15656.0,0.6067587305802682,0.6316698921758364,0.5837378640776699,15656.0,0.6211332114439803,0.6223832719012642,0.6216785896780788,31312.0,0.6211332114439803,0.6223832719012642,0.6216785896780787,31312.0,False,False,False,True,True,False,True,True,False
141,0.5407830863566684,0.4127904602442112,0.5723021175404824,0.3228155339805825,15656.0,0.6229645750845636,0.5284017614874783,0.7587506387327542,15656.0,0.5178775176643874,0.5503519395139804,0.5407830863566684,31312.0,0.5178775176643874,0.5503519395139803,0.5407830863566684,31312.0,False,False,False,True,True,True,False,False,True
142,0.6364652529381707,0.6320349119120737,0.639832449767655,0.6244251405212059,15656.0,0.6407901795575751,0.6332564086571446,0.6485053653551354,15656.0,0.6364125457348244,0.6365444292123998,0.6364652529381707,31312.0,0.6364125457348243,0.6365444292123998,0.6364652529381707,31312.0,False,False,False,True,True,True,False,True,False
143,0.631291517629024,0.6319849542571165,0.6307986000636334,0.6331757792539602,15656.0,0.6305954628355678,0.6317881643905879,0.6294072560040879,15656.0,0.6312902085463421,0.6312933822271107,0.631291517629024,31312.0,0.6312902085463421,0.6312933822271107,0.631291517629024,31312.0,False,False,False,True,True,True,True,False,False
144,0.5695899335717935,0.46897040860554,0.6120538928314306,0.3801098620337251,15656.0,0.6381527721841858,0.5504655148455232,0.759070005109862,15656.0,0.553561590394863,0.5812597038384769,0.5695899335717935,31312.0,0.5535615903948629,0.5812597038384769,0.5695899335717935,31312.0,False,False,True,False,False,False,True,True,True
145,0.5798096576392437,0.4874761403918818,0.6247628557164253,0.3996550843127235,15656.0,0.6439531296511786,0.5586702352444006,0.7599642309657639,15656.0,0.5657146350215302,0.591716545480413,0.5798096576392437,31312.0,0.5657146350215302,0.591716545480413,0.5798096576392437,31312.0,False,False,True,False,False,True,False,True,True
146,0.5441044966785897,0.4195502785345423,0.5772630636678975,0.3295222278998467,15656.0,0.6246483132181642,0.5308603351955308,0.7586867654573326,15656.0,0.5220992958763533,0.5540616994317141,0.5441044966785896,31312.0,0.5220992958763533,0.554061699431714,0.5441044966785897,31312.0,False,False,True,False,False,True,True,False,True
147,0.646812723556464,0.634256043919701,0.6576366504354982,0.6124808380173735,15656.0,0.6585358322783833,0.6373797143027913,0.6811446090955544,15656.0,0.6463959380990422,0.6475081823691448,0.646812723556464,31312.0,0.6463959380990421,0.6475081823691448,0.646812723556464,31312.0,False,False,True,False,False,True,True,True,False
148,0.5696538068472151,0.4715064517394203,0.610811909358805,0.3839422585590189,15656.0,0.6370565895439977,0.5507894369149084,0.7553653551354114,15656.0,0.554281520641709,0.5808006731368567,0.5696538068472151,31312.0,0.5542815206417091,0.5808006731368568,0.5696538068472151,31312.0,False,False,True,False,True,False,False,True,True
149,0.5321921308124681,0.393859140941819,0.5592244418331375,0.3039729177312212,15656.0,0.6191169587602059,0.5221033242698009,0.7604113438937149,15656.0,0.5064880498510125,0.5406638830514692,0.5321921308124681,31312.0,0.5064880498510125,0.5406638830514692,0.5321921308124681,31312.0,False,False,True,False,True,False,True,False,True
150,0.6295669391926418,0.6344353745784613,0.6262054376905369,0.6428845171180378,15656.0,0.6245670820521119,0.6331124089507185,0.6162493612672458,15656.0,0.6295012283152865,0.6296589233206278,0.6295669391926418,31312.0,0.6295012283152867,0.6296589233206278,0.6295669391926418,31312.0,False,False,True,False,True,False,True,True,False
151,0.5437851303014819,0.419143658764689,0.576703591809332,0.3292028615227388,15656.0,0.6243853698298757,0.5306368715083799,0.7583673990802249,15656.0,0.5217645142972824,0.553670231658856,0.5437851303014819,31312.0,0.5217645142972823,0.5536702316588559,0.5437851303014819,31312.0,False,False,True,False,True,True,False,False,True
152,0.6449603985692386,0.6385538251454953,0.6502880603933514,0.6272355646397547,15656.0,0.6511438164872753,0.6399975325396335,0.6626852324987226,15656.0,0.6448488208163853,0.6451427964664924,0.6449603985692387,31312.0,0.6448488208163853,0.6451427964664925,0.6449603985692386,31312.0,False,False,True,False,True,True,False,True,False
153,0.6263732754215636,0.6109281984768367,0.6372719073059044,0.5866760347470619,15656.0,0.6406389187528797,0.6170779336055388,0.6660705160960654,15656.0,0.6257835586148581,0.6271749204557215,0.6263732754215636,31312.0,0.6257835586148582,0.6271749204557215,0.6263732754215636,31312.0,False,False,True,False,True,True,True,False,False
154,0.5698773633111905,0.470097576329871,0.6120901639344263,0.3815789473684211,15656.0,0.6380348312190927,0.5507609502598366,0.7581757792539602,15656.0,0.5540662037744818,0.5814255570971314,0.5698773633111907,31312.0,0.5540662037744819,0.5814255570971314,0.5698773633111905,31312.0,False,False,True,True,False,False,False,True,True
155,0.5330544200306592,0.3935962838538426,0.5612063867534004,0.3030786918753194,15656.0,0.620361955703269,0.5226407665047906,0.763030148185999,15656.0,0.5069791197785558,0.5419235766290955,0.5330544200306592,31312.0,0.5069791197785559,0.5419235766290955,0.5330544200306592,31312.0,False,False,True,True,False,False,True,False,True
156,0.6268523249872253,0.6221460448871353,0.6300930171623215,0.6143970362800204,15656.0,0.6314428111791054,0.6237691636544933,0.6393076136944302,15656.0,0.6267944280331204,0.6269310904084073,0.6268523249872253,31312.0,0.6267944280331204,0.6269310904084073,0.6268523249872253,31312.0,False,False,True,True,False,False,True,True,False
157,0.5436254471129279,0.4174005218525766,0.5769837691614067,0.3269672968829841,15656.0,0.624895002099958,0.5304367201426025,0.7602835973428718,15656.0,0.5211477619762673,0.5537102446520046,0.5436254471129279,31312.0,0.5211477619762673,0.5537102446520047,0.5436254471129279,31312.0,False,False,True,True,False,True,False,False,True
158,0.6445452222789985,0.6291236254581806,0.6576564023965445,0.6029637199795606,15656.0,0.6587355123566566,0.6334473404882651,0.6861267245784364,15656.0,0.6439295689074186,0.6455518714424049,0.6445452222789985,31312.0,0.6439295689074187,0.6455518714424048,0.6445452222789985,31312.0,False,False,True,True,False,True,False,True,False
159,0.62295605518651,0.5960169723514919,0.6418779481132075,0.5562723556463975,15656.0,0.6465269461077844,0.6084873760144274,0.6896397547266224,15656.0,0.6212719592296381,0.6251826620638175,0.62295605518651,31312.0,0.6212719592296381,0.6251826620638175,0.62295605518651,31312.0,False,False,True,True,False,True,True,False,False
160,0.533661216147164,0.3958626396359123,0.5618980502701433,0.3055697496167603,15656.0,0.6202735736204297,0.5231160628125274,0.7617526826775677,15656.0,0.5080681066281709,0.5425070565413354,0.533661216147164,31312.0,0.508068106628171,0.5425070565413354,0.533661216147164,31312.0,False,False,True,True,True,False,False,False,True
161,0.6286088400613183,0.6275502033757167,0.6293441253934605,0.6257664793050588,15656.0,0.62966147574918,0.6278818672594474,0.6314512008175779,15656.0,0.6286058395624483,0.628612996326454,0.6286088400613183,31312.0,0.6286058395624483,0.6286129963264538,0.6286088400613183,31312.0,False,False,True,True,True,False,False,True,False
162,0.5734223300970874,0.5448597812382868,0.5839602658680886,0.5106668369954012,15656.0,0.5986116536947441,0.5652346631859713,0.6361778231987736,15656.0,0.5717357174665154,0.57459746452703,0.5734223300970873,31312.0,0.5717357174665155,0.5745974645270299,0.5734223300970874,31312.0,False,False,True,True,True,False,True,False,False
163,0.6192194685743485,0.61161601355093,0.6240776440869508,0.5996423096576392,15656.0,0.6265309318715739,0.6147273956604585,0.6387966274910577,15656.0,0.6190734727112519,0.6194025198737046,0.6192194685743484,31312.0,0.619073472711252,0.6194025198737046,0.6192194685743485,31312.0,False,False,True,True,True,True,False,False,False
164,0.5915942769545223,0.5169235418555455,0.6325813609467456,0.4370209504343382,15656.0,0.646271298959947,0.5699648711943794,0.7461676034747062,15656.0,0.5815974204077462,0.6012731160705624,0.5915942769545223,31312.0,0.5815974204077462,0.6012731160705624,0.5915942769545223,31312.0,False,True,False,False,False,False,True,True,True
165,0.5907319877363311,0.5189383985885356,0.6293362469270691,0.4414920797138477,15656.0,0.6438793941920244,0.5698755472477741,0.7399718957588145,15656.0,0.58140889639028,0.5996058970874216,0.5907319877363311,31312.0,0.58140889639028,0.5996058970874215,0.5907319877363311,31312.0,False,True,False,False,False,True,False,True,True
166,0.5728794072560041,0.4847434119278779,0.6107766990291262,0.4018267756770567,15656.0,0.6352678084433293,0.5543023034456501,0.7439320388349514,15656.0,0.5600056101856037,0.5825395012373882,0.5728794072560041,31312.0,0.5600056101856036,0.5825395012373882,0.5728794072560041,31312.0,False,True,False,False,False,True,True,False,True
167,0.6657830863566684,0.6737537799669545,0.6580598014737227,0.6902146142054164,15656.0,0.6574131665957377,0.6742999126989456,0.6413515585079202,15656.0,0.6655834732813461,0.6661798570863342,0.6657830863566683,31312.0,0.665583473281346,0.6661798570863342,0.6657830863566684,31312.0,False,True,False,False,False,True,True,True,False
168,0.5884644864588656,0.5151629166980208,0.6268082768723677,0.4372764435360245,15656.0,0.6425123453365144,0.5679254536537518,0.7396525293817067,15656.0,0.5788376310172676,0.5973668652630597,0.5884644864588656,31312.0,0.5788376310172676,0.5973668652630597,0.5884644864588656,31312.0,False,True,False,False,True,False,False,True,True
169,0.5650868676545733,0.4708990597560027,0.6010712160285657,0.3870720490546755,15656.0,0.6308084368052921,0.5479981158737636,0.7431016862544711,15656.0,0.5508537482806475,0.5745346659511646,0.5650868676545733,31312.0,0.5508537482806475,0.5745346659511646,0.5650868676545733,31312.0,False,True,False,False,True,False,True,False,True
170,0.6536471640265713,0.6746467464674647,0.6360807829382814,0.7181911088400613,15656.0,0.6297497524836981,0.6764209754308764,0.5891032192130813,15656.0,0.6521982494755814,0.6562508791845789,0.6536471640265713,31312.0,0.6521982494755814,0.6562508791845789,0.6536471640265713,31312.0,False,True,False,False,True,False,True,True,False
171,0.5698134900357691,0.4829174664107484,0.6051568212430248,0.4017629024016351,15656.0,0.6317055832011811,0.5522516492972559,0.7378640776699029,15656.0,0.5573115248059648,0.5787042352701404,0.569813490035769,31312.0,0.5573115248059648,0.5787042352701404,0.5698134900357691,31312.0,False,True,False,False,True,True,False,False,True
172,0.6617910066428206,0.6764238572476167,0.6483716026241799,0.7070132856412877,15656.0,0.6457720096333958,0.6778792134831461,0.6165687276443536,15656.0,0.6610979334405063,0.663125408053663,0.6617910066428206,31312.0,0.6610979334405063,0.6631254080536629,0.6617910066428206,31312.0,False,True,False,False,True,True,False,True,False
173,0.6517309657639244,0.6710308003258018,0.6357971760132625,0.7103985692386305,15656.0,0.6300254452926208,0.671901005861495,0.5930633622892182,15656.0,0.6505281228092112,0.6538490909373788,0.6517309657639243,31312.0,0.6505281228092112,0.6538490909373788,0.6517309657639244,31312.0,False,True,False,False,True,True,True,False,False
174,0.5890074092999489,0.515419663365591,0.6278323089624805,0.4371486969851814,15656.0,0.6431918374137023,0.5682720101905835,0.7408661216147164,15656.0,0.5793057503896466,0.598052159576532,0.5890074092999489,31312.0,0.5793057503896467,0.598052159576532,0.5890074092999489,31312.0,False,True,False,True,False,False,False,True,True
175,0.5652465508431272,0.46900963451261846,0.6023444544634806,0.3840061318344405,15656.0,0.6319517668369968,0.5478880502554967,0.746486969851814,15656.0,0.5504807006748076,0.5751162523594886,0.5652465508431272,31312.0,0.5504807006748076,0.5751162523594886,0.5652465508431272,31312.0,False,True,False,True,False,False,True,False,True
176,0.6587250894225856,0.679099099099099,0.6408410791203809,0.7222151251916198,15656.0,0.6355885963715728,0.6818115305823822,0.5952350536535513,15656.0,0.6573438477353359,0.6613263048513816,0.6587250894225856,31312.0,0.657343847735336,0.6613263048513816,0.6587250894225856,31312.0,False,True,False,True,False,False,True,True,False
177,0.569078947368421,0.4807388878198961,0.6047051989544002,0.39895247828308633,15656.0,0.6317312153715985,0.5515417242529667,0.7392054164537557,15656.0,0.5562350515957473,0.5781234616036834,0.569078947368421,31312.0,0.5562350515957473,0.5781234616036834,0.569078947368421,31312.0,False,True,False,True,False,True,False,False,True
178,0.6688170669391926,0.6838800146323619,0.6541287613715885,0.7164665304036791,15656.0,0.6522468142186452,0.68659983055634,0.6211676034747062,15656.0,0.6680634144255035,0.6703642959639642,0.6688170669391926,31312.0,0.6680634144255035,0.6703642959639642,0.6688170669391926,31312.0,False,True,False,True,False,True,False,True,False
179,0.6561062851303014,0.6744860943168077,0.6402662993572085,0.7125702606029637,15656.0,0.635526672082318,0.675979262672811,0.5996423096576392,15656.0,0.6550063831995628,0.6581227810150098,0.6561062851303014,31312.0,0.655006383199563,0.6581227810150097,0.6561062851303014,31312.0,False,True,False,True,False,True,True,False,False
180,0.5648633111905978,0.4717968598565614,0.6001578064897919,0.3886688809402146,15656.0,0.6300469738521274,0.5479620271099985,0.7410577414409811,15656.0,0.5509219168543444,0.5740599167998952,0.5648633111905978,31312.0,0.5509219168543444,0.5740599167998951,0.5648633111905978,31312.0,False,True,False,True,True,False,False,False,True
181,0.6537749105774144,0.6796489465441329,0.6323893318669233,0.7345426673479816,15656.0,0.6233540631622834,0.6834006246667175,0.5730071538068472,15656.0,0.6515015048532081,0.6578949782668204,0.6537749105774144,31312.0,0.6515015048532081,0.6578949782668204,0.6537749105774144,31312.0,False,True,False,True,True,False,False,True,False
182,0.6349003576903424,0.661254000237051,0.6167366791952245,0.7126980071538068,15656.0,0.6041002908990166,0.6597579425113465,0.5571027082268779,15656.0,0.6326771455680338,0.6382473108532855,0.6349003576903424,31312.0,0.6326771455680338,0.6382473108532855,0.6349003576903424,31312.0,False,True,False,True,True,False,True,False,False
183,0.6556591722023505,0.6778800191204588,0.636787157611136,0.7246423096576392,15656.0,0.6301454445664105,0.6805720213396562,0.5866760347470619,15656.0,0.6540127318434347,0.6586795894753961,0.6556591722023506,31312.0,0.6540127318434347,0.6586795894753962,0.6556591722023505,31312.0,False,True,False,True,True,True,False,False,False
184,0.5930314256515075,0.5221793093104353,0.6322527921547262,0.44474961676034747,15656.0,0.6455847587261855,0.5717523030691167,0.7413132345426674,15656.0,0.5838820340183104,0.6020025476119215,0.5930314256515075,31312.0,0.5838820340183104,0.6020025476119215,0.5930314256515075,31312.0,False,True,True,False,False,False,False,True,True
185,0.5686637710781809,0.4754544042255709,0.606520015854142,0.3909683188553909,15656.0,0.63374552554507,0.5506597549481621,0.7463592233009708,15656.0,0.5545999648853205,0.578589885401152,0.5686637710781809,31312.0,0.5545999648853205,0.5785898854011521,0.5686637710781809,31312.0,False,True,True,False,False,False,True,False,True
186,0.6540942769545223,0.6710002733817321,0.6397335650159282,0.7054803270311701,15656.0,0.6353566979766353,0.6717448565530006,0.6027082268778743,15656.0,0.6531784856791837,0.6557392107844644,0.6540942769545222,31312.0,0.6531784856791837,0.6557392107844644,0.6540942769545223,31312.0,False,True,True,False,False,False,True,True,False
187,0.5724003576903424,0.48640147301392456,0.6088543167194853,0.40495656617271336,15656.0,0.6337299958965942,0.5542370448346811,0.7398441492079714,15656.0,0.5600657344552593,0.5815456807770831,0.5724003576903424,31312.0,0.5600657344552594,0.5815456807770831,0.5724003576903424,31312.0,False,True,True,False,False,True,False,False,True
188,0.6646333673990802,0.6775966350434435,0.6523795447827372,0.7048415942769545,15656.0,0.65058396832263,0.6790303535458776,0.6244251405212059,15656.0,0.6640903016830367,0.6657049491643074,0.6646333673990802,31312.0,0.6640903016830366,0.6657049491643074,0.6646333673990802,31312.0,False,True,True,False,False,True,False,True,False
189,0.654860756259581,0.6691160711552004,0.6425757130255807,0.6979432805314256,15656.0,0.6393218302573173,0.6694625008736982,0.6117782319877363,15656.0,0.6542189507062588,0.6560191069496395,0.654860756259581,31312.0,0.6542189507062588,0.6560191069496395,0.654860756259581,31312.0,False,True,True,False,False,True,True,False,False
190,0.568791517629024,0.4794108574953732,0.6047665369649805,0.397100153295861,15656.0,0.6319777583951155,0.5512076835298593,0.740482881962187,15656.0,0.5556943079452443,0.5779871102474199,0.568791517629024,31312.0,0.5556943079452443,0.5779871102474199,0.568791517629024,31312.0,False,True,True,False,True,False,False,False,True
191,0.6509644864588656,0.6756106972188417,0.6310507346825617,0.7269417475728155,15656.0,0.6222652334704316,0.6780146117345786,0.5749872253449156,15656.0,0.6489379653446367,0.6545326732085701,0.6509644864588655,31312.0,0.6489379653446367,0.6545326732085701,0.6509644864588656,31312.0,False,True,True,False,True,False,False,True,False
192,0.6312276443536025,0.6555910161959018,0.6149627888758323,0.7019672968829842,15656.0,0.6031549644293227,0.6528532103266126,0.5604879918242207,15656.0,0.6293729903126122,0.6339079996012225,0.6312276443536025,31312.0,0.6293729903126122,0.6339079996012225,0.6312276443536025,31312.0,False,True,True,False,True,False,True,False,False
193,0.6517309657639244,0.6719610143488854,0.6350713595269233,0.713400613183444,15656.0,0.6288417684898403,0.6730783242258652,0.5900613183444047,15656.0,0.6504013914193629,0.6540748418763942,0.6517309657639243,31312.0,0.6504013914193629,0.6540748418763942,0.6517309657639244,31312.0,False,True,True,False,True,True,False,False,False
194,0.5669072560040879,0.47513256182993385,0.6028877320498969,0.3920541645375575,15656.0,0.6313643406638214,0.5495717192749988,0.7417603474706183,15656.0,0.5532484512468776,0.5762297256624478,0.5669072560040879,31312.0,0.5532484512468776,0.5762297256624479,0.5669072560040879,31312.0,False,True,True,True,False,False,False,False,True
195,0.6547330097087378,0.6769267549233482,0.6360420059527152,0.7234287174246296,15656.0,0.6292651143650767,0.6793780081451314,0.5860373019928462,15656.0,0.6530959346442125,0.6577100070489232,0.6547330097087378,31312.0,0.6530959346442126,0.6577100070489232,0.6547330097087378,31312.0,False,True,True,True,False,False,False,True,False
196,0.6318344404701073,0.6527292444872875,0.6176738882554161,0.6920030659172203,15656.0,0.6082642381405464,0.6498693000290444,0.5716658150229944,15656.0,0.630496741313917,0.6337715941422303,0.6318344404701073,31312.0,0.6304967413139169,0.6337715941422303,0.6318344404701073,31312.0,False,True,True,True,False,False,True,False,False
197,0.652529381706694,0.6700430642324255,0.6378912114562882,0.7056080735820133,15656.0,0.6330522765598651,0.6706445619551237,0.5994506898313745,15656.0,0.6515476703961454,0.6542678867057059,0.652529381706694,31312.0,0.6515476703961453,0.654267886705706,0.652529381706694,31312.0,False,True,True,True,False,True,False,False,False
198,0.6300459887583035,0.6573794735285419,0.6121515919356616,0.7098237097598364,15656.0,0.5979732074685916,0.6547347621219031,0.5502682677567705,15656.0,0.6276763404985668,0.6334431770287823,0.6300459887583034,31312.0,0.6276763404985668,0.6334431770287823,0.6300459887583035,31312.0,False,True,True,True,True,False,False,False,False
199,0.5817577925396015,0.4953760789149198,0.6243201243201243,0.41057741440981094,15656.0,0.642888307155323,0.5609059763989341,0.752938170669392,15656.0,0.5691321930351214,0.5926130503595293,0.5817577925396015,31312.0,0.5691321930351214,0.5926130503595292,0.5817577925396015,31312.0,True,False,False,False,False,False,True,True,True
200,0.5931911088400613,0.5133710268948656,0.6386882129277567,0.42916453755748596,15656.0,0.6505158033362598,0.5701712196998846,0.7572176801226367,15656.0,0.5819434151155627,0.6044297163138206,0.5931911088400613,31312.0,0.5819434151155627,0.6044297163138207,0.5931911088400613,31312.0,True,False,False,False,False,True,False,True,True
201,0.5681847215125192,0.4698270791671568,0.6084086523814359,0.38266479305058765,15656.0,0.6357587349478733,0.5497321220591661,0.7537046499744506,15656.0,0.552792907057515,0.579070387220301,0.5681847215125191,31312.0,0.552792907057515,0.5790703872203011,0.5681847215125192,31312.0,True,False,False,False,False,True,True,False,True
202,0.620464997445069,0.6314581653538424,0.6136829415310427,0.6502938170669392,15656.0,0.6087958390940813,0.6281075940768918,0.5906361778231988,15656.0,0.6201270022239618,0.6208952678039672,0.620464997445069,31312.0,0.6201270022239618,0.6208952678039672,0.620464997445069,31312.0,True,False,False,False,False,True,True,True,False
203,0.5890393459376597,0.5093044539353264,0.6319076457229371,0.42654573326520184,15656.0,0.6464835164835164,0.5672001542614732,0.7515329586101175,15656.0,0.5778939852094214,0.5995538999922052,0.5890393459376597,31312.0,0.5778939852094215,0.5995538999922052,0.5890393459376597,31312.0,True,False,False,False,True,False,False,True,True
204,0.5650229943791517,0.4629337539432177,0.6049051937345424,0.37493612672457843,15656.0,0.6344997853155862,0.5471121806738245,0.7551098620337251,15656.0,0.548716769629402,0.5760086872041834,0.5650229943791518,31312.0,0.5487167696294019,0.5760086872041835,0.5650229943791517,31312.0,True,False,False,False,True,False,True,False,True
205,0.5912110373019929,0.6000000000000001,0.5873715124816447,0.6131834440470108,15656.0,0.5820271682340649,0.5954035275253875,0.569238630556975,15656.0,0.5910135841170325,0.5913875200035161,0.5912110373019929,31312.0,0.5910135841170325,0.5913875200035161,0.5912110373019929,31312.0,True,False,False,False,True,False,True,True,False
206,0.5753385283597343,0.4851113262342691,0.6159897728390206,0.40010219724067453,15656.0,0.6386586592026957,0.5557867852244242,0.7505748594787941,15656.0,0.5618849927184824,0.5858882790317224,0.5753385283597343,31312.0,0.5618849927184825,0.5858882790317224,0.5753385283597343,31312.0,True,False,False,False,True,True,False,False,True
207,0.6263094021461421,0.6362421114807101,0.6197686390890921,0.6536152273888605,15656.0,0.6158190235413863,0.633605837443416,0.5990035769034237,15656.0,0.6260305675110482,0.626687238266254,0.6263094021461421,31312.0,0.6260305675110481,0.626687238266254,0.6263094021461421,31312.0,True,False,False,False,True,True,False,True,False
208,0.6094468574348493,0.6202527714809178,0.6035535142321871,0.6379024016351559,15656.0,0.598007955031064,0.6160514730782255,0.5809913132345427,15656.0,0.6091303632559909,0.6098024936552062,0.6094468574348493,31312.0,0.6091303632559909,0.6098024936552063,0.6094468574348493,31312.0,True,False,False,False,True,True,True,False,False
209,0.5910194174757282,0.5127092846270929,0.6341302710843374,0.4303142565150741,15656.0,0.6476447281532027,0.5688805104408353,0.7517245784363822,15656.0,0.5801770063901478,0.6015053907625864,0.5910194174757282,31312.0,0.5801770063901478,0.6015053907625864,0.5910194174757282,31312.0,True,False,False,True,False,False,False,True,True
210,0.5680889115993868,0.468229002831079,0.6090425531914894,0.3803014818599898,15656.0,0.6363734136373415,0.549498514115899,0.7558763413387839,15656.0,0.5523012082342103,0.5792705336536942,0.5680889115993868,31312.0,0.5523012082342101,0.5792705336536942,0.5680889115993868,31312.0,True,False,False,True,False,False,True,False,True
211,0.5898058252427184,0.6005473658020776,0.5852224512062069,0.6166964741951967,15656.0,0.5784706268460781,0.5949102200621034,0.5629151762902401,15656.0,0.5895089963240778,0.5900663356341551,0.5898058252427184,31312.0,0.5895089963240777,0.5900663356341551,0.5898058252427184,31312.0,True,False,False,True,False,False,True,True,False
212,0.579043178334185,0.49133639485972297,0.6206493126645218,0.406617271333674,15656.0,0.6409523031244042,0.5587746378532416,0.7514690853346959,15656.0,0.5661443489920636,0.5897119752588817,0.579043178334185,31312.0,0.5661443489920636,0.5897119752588816,0.579043178334185,31312.0,True,False,False,True,False,True,False,False,True
213,0.6284491568727645,0.6393005518695356,0.6211591758043138,0.6585334695963209,15656.0,0.6169245966414225,0.6366725567486747,0.598364844149208,15656.0,0.6281125742554791,0.6289158662764942,0.6284491568727644,31312.0,0.628112574255479,0.6289158662764943,0.6284491568727645,31312.0,True,False,False,True,False,True,False,True,False
214,0.6137583035258048,0.6273954032904061,0.6059992857993096,0.6503576903423608,15656.0,0.5990850626533183,0.6227429359062715,0.5771589167092489,15656.0,0.6132402329718623,0.6143711108527905,0.6137583035258048,31312.0,0.6132402329718623,0.6143711108527906,0.6137583035258048,31312.0,True,False,False,True,False,True,True,False,False
215,0.5760411343893714,0.4847661556374928,0.6177663468196657,0.3988886050076648,15656.0,0.6398437288043626,0.5561477149459982,0.7531936637710782,15656.0,0.5623049422209276,0.586957030882832,0.5760411343893715,31312.0,0.5623049422209276,0.5869570308828319,0.5760411343893714,31312.0,True,False,False,True,True,False,False,False,True
216,0.595873786407767,0.607895389191869,0.5903346172363987,0.6265329586101175,15656.0,0.5830917237743806,0.6021366358192706,0.5652146142054164,15656.0,0.5954935564831247,0.5962356265278346,0.595873786407767,31312.0,0.5954935564831247,0.5962356265278346,0.595873786407767,31312.0,True,False,False,True,True,False,False,True,False
217,0.5533661216147164,0.553921724984849,0.5532335138579165,0.5546116504854369,15656.0,0.5528091324784958,0.5534993916885446,0.5521205927439959,15656.0,0.5533654287316725,0.5533664527732305,0.5533661216147164,31312.0,0.5533654287316725,0.5533664527732306,0.5533661216147164,31312.0,True,False,False,True,True,False,True,False,False
218,0.6112033725089423,0.6270906083440544,0.6024720423778693,0.6538068472151252,15656.0,0.5939021949429582,0.6215612344644603,0.5685998978027593,15656.0,0.6104964016435063,0.6120166384211648,0.6112033725089423,31312.0,0.6104964016435063,0.6120166384211648,0.6112033725089423,31312.0,True,False,False,True,True,True,False,False,False
219,0.5909555442003066,0.5106220388201131,0.6354127044503614,0.4268012263668881,15656.0,0.6486338198178426,0.5684747066743605,0.7551098620337251,15656.0,0.5796279293189779,0.6019437055623609,0.5909555442003066,31312.0,0.5796279293189779,0.6019437055623609,0.5909555442003066,31312.0,True,False,True,False,False,False,False,True,True
220,0.5663643331630046,0.46433643679974745,0.6072018159306645,0.3758942258559019,15656.0,0.6357441785599313,0.5480573543015727,0.7568344404701073,15656.0,0.5500403076798394,0.5776295851161186,0.5663643331630046,31312.0,0.5500403076798394,0.5776295851161186,0.5663643331630046,31312.0,True,False,True,False,False,False,True,False,True
221,0.583290751149719,0.5796933384873083,0.5847413569014817,0.5747317322432295,15656.0,0.5868271057631413,0.5818889726199448,0.5918497700562085,15656.0,0.5832602221252248,0.5833151647607132,0.583290751149719,31312.0,0.5832602221252249,0.5833151647607132,0.583290751149719,31312.0,True,False,True,False,False,False,True,True,False
222,0.5781170158405723,0.48810354181198173,0.6204926108374385,0.4022738886050077,15656.0,0.6412081047313815,0.557792269161705,0.7539601430761369,15656.0,0.5646558232716816,0.5891424399995717,0.5781170158405723,31312.0,0.5646558232716815,0.5891424399995718,0.5781170158405723,31312.0,True,False,True,False,False,True,False,False,True
223,0.6231157383750638,0.622500879690349,0.6235181031720602,0.621486969851814,15656.0,0.6237285973918311,0.6227159865028331,0.6247445068983137,15656.0,0.62311473854109,0.6231170448374467,0.6231157383750638,31312.0,0.62311473854109,0.6231170448374467,0.6231157383750638,31312.0,True,False,True,False,False,True,False,True,False
224,0.6028040367910067,0.5990263403939775,0.6047783347438318,0.593382728666326,15656.0,0.6065112158699022,0.6009027647169456,0.6122253449156873,15656.0,0.6027687781319399,0.6028405497303887,0.6028040367910066,31312.0,0.60276877813194,0.6028405497303888,0.6028040367910067,31312.0,True,False,True,False,False,True,True,False,False
225,0.574220746039857,0.47970652513268813,0.6165730337078652,0.39256515074093,15656.0,0.6396756756756757,0.5544415292353823,0.7558763413387839,15656.0,0.5596911004041819,0.5855072814716238,0.574220746039857,31312.0,0.559691100404182,0.5855072814716238,0.574220746039857,31312.0,True,False,True,False,True,False,False,False,True
226,0.5940214614205417,0.5953654188948306,0.5934010152284264,0.5973428717424629,15656.0,0.5926685465265317,0.5946502057613169,0.5907000510986203,15656.0,0.5940169827106812,0.5940256104948716,0.5940214614205417,31312.0,0.5940169827106813,0.5940256104948717,0.5940214614205417,31312.0,True,False,True,False,True,False,False,True,False
227,0.5573901379662749,0.5419269542224426,0.5615453113226934,0.5236331119059785,15656.0,0.5718434304427075,0.5537605456830013,0.5911471640265713,15656.0,0.556885192332575,0.5576529285028473,0.5573901379662749,31312.0,0.556885192332575,0.5576529285028473,0.5573901379662749,31312.0,True,False,True,False,True,False,True,False,False
228,0.6055825242718447,0.6114641666142328,0.6024798512089274,0.6207204905467553,15656.0,0.5995200726376547,0.6088789355816098,0.5904445579969341,15656.0,0.6054921196259437,0.6056793933952687,0.6055825242718447,31312.0,0.6054921196259437,0.6056793933952687,0.6055825242718447,31312.0,True,False,True,False,True,True,False,False,False
229,0.5774782830863566,0.4862933913178535,0.6201227965933849,0.3999744506898314,15656.0,0.6411716842961757,0.5571792212689733,0.754982115482882,15656.0,0.5637325378070146,0.5886510089311792,0.5774782830863567,31312.0,0.5637325378070146,0.5886510089311792,0.5774782830863566,31312.0,True,False,True,True,False,False,False,False,True
230,0.5983967807869187,0.6000699678783832,0.5975802875783873,0.6025804803270312,15656.0,0.5967095346525128,0.5992270531400966,0.5942130812468064,15656.0,0.5983897512654479,0.5984036703592419,0.5983967807869188,31312.0,0.598389751265448,0.598403670359242,0.5983967807869187,31312.0,True,False,True,True,False,False,False,True,False
231,0.554451967296883,0.5375410216461697,0.5587485355936875,0.5178845171180378,15656.0,0.5701697630711402,0.5507410273198023,0.5910194174757282,15656.0,0.5538553923586549,0.554744781456745,0.5544519672968831,31312.0,0.5538553923586549,0.554744781456745,0.554451967296883,31312.0,True,False,True,True,False,False,True,False,False
232,0.6089358712314767,0.6155536717842455,0.6053102809509108,0.6261497189575882,15656.0,0.6020862444350568,0.6128200039690415,0.5917220235053654,15656.0,0.6088199581096512,0.6090651424599761,0.6089358712314767,31312.0,0.6088199581096512,0.6090651424599761,0.6089358712314767,31312.0,True,False,True,True,False,True,False,False,False
233,0.5604879918242207,0.5584573921971253,0.5610495100567303,0.5558891159938681,15656.0,0.5625,0.5599367088607595,0.5650868676545733,15656.0,0.5604786960985626,0.5604931094587449,0.5604879918242207,31312.0,0.5604786960985627,0.560493109458745,0.5604879918242207,31312.0,True,False,True,True,True,False,False,False,False
234,0.6042731221257026,0.5425143068118885,0.6428383935602415,0.4692769545222279,15656.0,0.651340780550944,0.5821053160991803,0.7392692897291773,15656.0,0.5969275436814163,0.6124718548297109,0.6042731221257026,31312.0,0.5969275436814163,0.612471854829711,0.6042731221257026,31312.0,True,True,False,False,False,False,False,True,True
235,0.5827797649463464,0.505675798395641,0.6203119197920535,0.4268012263668881,15656.0,0.6390761410100564,0.5630963972736125,0.7387583035258048,15656.0,0.5723759697028488,0.591704158532833,0.5827797649463464,31312.0,0.5723759697028488,0.591704158532833,0.5827797649463464,31312.0,True,True,False,False,False,False,True,False,True
236,0.6507728666326009,0.6742724375204789,0.6317610940552609,0.722917731221257,15656.0,0.6236189033834716,0.6761961633201463,0.5786280020439448,15656.0,0.6489456704519753,0.6539786286877036,0.6507728666326009,31312.0,0.6489456704519753,0.6539786286877037,0.6507728666326009,31312.0,True,True,False,False,False,False,True,True,False
237,0.5873147675012774,0.5149035212853817,0.6244764159533782,0.4380429228410833,15656.0,0.6409159117434557,0.5672405312346286,0.7365866121614716,15656.0,0.5779097165144187,0.5958584735940033,0.5873147675012774,31312.0,0.5779097165144188,0.5958584735940033,0.5873147675012774,31312.0,True,True,False,False,False,True,False,False,True
238,0.6686893203883495,0.6886928339935181,0.6494792845822956,0.7329458354624425,15656.0,0.645938566552901,0.6935649369686309,0.6044328053142565,15656.0,0.6673157002732095,0.6715221107754632,0.6686893203883495,31312.0,0.6673157002732096,0.6715221107754633,0.6686893203883495,31312.0,True,True,False,False,False,True,False,True,False
239,0.6448326520183955,0.6665867186328885,0.6281145827447878,0.7100792028615227,15656.0,0.6200416823260105,0.6665687210754426,0.5795861011752683,15656.0,0.6433142004794495,0.6473416519101152,0.6448326520183956,31312.0,0.6433142004794496,0.6473416519101152,0.6448326520183955,31312.0,True,True,False,False,False,True,True,False,False
240,0.5845682166581502,0.5131736526946108,0.6196673897324656,0.4379151762902402,15656.0,0.6377005347593583,0.565389174239431,0.7312212570260603,15656.0,0.5754370937269846,0.5925282819859483,0.5845682166581503,31312.0,0.5754370937269846,0.5925282819859483,0.5845682166581502,31312.0,True,True,False,False,True,False,False,False,True
241,0.659108329075115,0.6820564756344573,0.639037731636526,0.7312851303014819,15656.0,0.6325898389095417,0.6859510301582562,0.5869315278487481,15656.0,0.6573231572719995,0.6624943808973911,0.659108329075115,31312.0,0.6573231572719994,0.6624943808973911,0.659108329075115,31312.0,True,True,False,False,True,False,False,True,False
242,0.6301417986714358,0.6540816631321126,0.6143185771194524,0.6993484925907001,15656.0,0.6026419626007892,0.6510490028912447,0.5609351047521717,15656.0,0.6283618128664509,0.6326837900053486,0.6301417986714359,31312.0,0.6283618128664509,0.6326837900053486,0.6301417986714358,31312.0,True,True,False,False,True,False,True,False,False
243,0.6513157894736842,0.6729766968190258,0.6336153412295544,0.7175523760858457,15656.0,0.6265818455434707,0.6744220291562362,0.5850792028615227,15656.0,0.6497792711812482,0.6540186851928953,0.6513157894736842,31312.0,0.6497792711812482,0.6540186851928953,0.6513157894736842,31312.0,True,True,False,False,True,True,False,False,False
244,0.5849833929483904,0.5135327368696889,0.6203310120285792,0.4381067961165049,15656.0,0.6381331625407256,0.5656874845717107,0.7318599897802759,15656.0,0.5758329497052073,0.593009248300145,0.5849833929483904,31312.0,0.5758329497052073,0.593009248300145,0.5849833929483904,31312.0,True,True,False,True,False,False,False,False,True
245,0.6609925907000511,0.6831059497865482,0.6412757132447733,0.7307741440981094,15656.0,0.635561506505991,0.6871056343255884,0.5912110373019929,15656.0,0.6593337281462696,0.6641906737851808,0.6609925907000511,31312.0,0.6593337281462696,0.6641906737851808,0.6609925907000511,31312.0,True,True,False,True,False,False,False,True,False
246,0.6306527848748084,0.6531713900134953,0.6156368364520324,0.6955799693408278,15656.0,0.6050070016052461,0.6501504808045218,0.5657256004087889,15656.0,0.6290891958093707,0.6328936586282771,0.6306527848748084,31312.0,0.6290891958093708,0.6328936586282771,0.6306527848748084,31312.0,True,True,False,True,False,False,True,False,False
247,0.6505493101686255,0.6714903326528161,0.6335259460684342,0.714294839039346,15656.0,0.626756719879929,0.6725475841874085,0.586803781297905,15656.0,0.6491235262663726,0.6530367651279213,0.6505493101686255,31312.0,0.6491235262663725,0.6530367651279212,0.6505493101686255,31312.0,True,True,False,True,False,True,False,False,False
248,0.6366249361267245,0.6594228927203064,0.6204934655250113,0.7035641287685233,15656.0,0.6105558598028478,0.6577433628318584,0.569685743484926,15656.0,0.634989376261577,0.6391184141784348,0.6366249361267247,31312.0,0.634989376261577,0.6391184141784348,0.6366249361267245,31312.0,True,True,False,True,True,False,False,False,False
249,0.5861331119059785,0.5143349698309786,0.6222907409086788,0.4382984159427695,15656.0,0.6394368548454412,0.5664776928765097,0.7339678078691876,15656.0,0.57688591233821,0.5943842168925942,0.5861331119059785,31312.0,0.5768859123382098,0.5943842168925942,0.5861331119059785,31312.0,True,True,True,False,False,False,False,False,True
250,0.6574156872764435,0.6744757685187995,0.6424813551482916,0.7098237097598364,15656.0,0.6384685383033939,0.6758473064573671,0.6050076647930506,15656.0,0.6564721534110967,0.6591643308028294,0.6574156872764435,31312.0,0.6564721534110968,0.6591643308028293,0.6574156872764435,31312.0,True,True,True,False,False,False,False,True,False
251,0.628800459887583,0.6460395285805646,0.6173680228159013,0.6775038323965253,15656.0,0.6097962198274415,0.6427004458283208,0.5800970873786407,15656.0,0.627917874204003,0.630034234322111,0.628800459887583,31312.0,0.6279178742040031,0.630034234322111,0.628800459887583,31312.0,True,True,True,False,False,False,True,False,False
252,0.6466211037301993,0.6632786585922522,0.6334205172914851,0.6960909555442003,15656.0,0.6282296811477338,0.6627206351456724,0.5971512519161982,15656.0,0.645754169869993,0.6480705762185788,0.6466211037301992,31312.0,0.645754169869993,0.6480705762185787,0.6466211037301993,31312.0,True,True,True,False,False,True,False,False,False
253,0.6353474706182933,0.6533276657760505,0.6226273148148148,0.687212570260603,15656.0,0.6154001616814875,0.6510119726339795,0.5834823709759837,15656.0,0.634363913728769,0.6368196437243971,0.6353474706182933,31312.0,0.634363913728769,0.6368196437243973,0.6353474706182933,31312.0,True,True,True,False,True,False,False,False,False
254,0.6357307102708227,0.6526796589524969,0.6236615456238361,0.6845298926928973,15656.0,0.6170427074939565,0.6504105322763307,0.5869315278487481,15656.0,0.6348611832232267,0.6370360389500834,0.6357307102708227,31312.0,0.6348611832232268,0.6370360389500834,0.6357307102708227,31312.0,True,True,True,True,False,False,False,False,False
255,0.5766479305058764,0.48251093066833234,0.6204819277108434,0.39473684210526316,15656.0,0.6418071768266321,0.5562008242787561,0.7585590189064896,15656.0,0.5621590537474822,0.5883413759947997,0.5766479305058764,31312.0,0.5621590537474822,0.5883413759947997,0.5766479305058764,31312.0,False,False,False,False,True,True,True,True,True
256,0.576264690853347,0.4808670474998044,0.6205817006665321,0.39250127746550845,15656.0,0.6420439216532672,0.5557683325548809,0.7600281042411855,15656.0,0.5614554845765358,0.5881750166107065,0.576264690853347,31312.0,0.5614554845765358,0.5881750166107065,0.576264690853347,31312.0,False,False,False,True,False,True,True,True,True
257,0.5671627491057741,0.4647102966151902,0.608817137534927,0.37576647930505874,15656.0,0.6366974936335612,0.5485703727654857,0.7585590189064896,15656.0,0.5507038951243757,0.5786937551502064,0.5671627491057741,31312.0,0.5507038951243757,0.5786937551502064,0.5671627491057741,31312.0,False,False,False,True,True,False,True,True,True
258,0.5756259580991313,0.4810591267671639,0.6189949748743718,0.3933955033214103,15656.0,0.6410394943000702,0.5554255219548732,0.7578564128768523,15656.0,0.5610493105336171,0.5872102484146224,0.5756259580991313,31312.0,0.5610493105336171,0.5872102484146224,0.5756259580991313,31312.0,False,False,False,True,True,True,False,True,True
259,0.5398249872253449,0.41204553800954824,0.5704440176251271,0.3224961676034747,15656.0,0.6219796940997454,0.5277592271047593,0.7571538068472151,15656.0,0.5170126160546469,0.5491016223649432,0.5398249872253449,31312.0,0.5170126160546468,0.5491016223649431,0.5398249872253449,31312.0,False,False,False,True,True,True,True,False,True
260,0.6396589167092489,0.6422978156801825,0.6376282495121798,0.6470362800204394,15656.0,0.6369807921238055,0.6417504051863857,0.6322815533980582,15656.0,0.6396393039019941,0.6396893273492827,0.6396589167092488,31312.0,0.639639303901994,0.6396893273492827,0.6396589167092489,31312.0,False,False,False,True,True,True,True,True,False
261,0.5798096576392437,0.4873163698710205,0.6248625961826721,0.3993995912110373,15656.0,0.6440301939882579,0.5586482046467965,0.7602197240674502,15656.0,0.5656732819296392,0.5917554004147343,0.5798096576392437,31312.0,0.5656732819296392,0.5917554004147344,0.5798096576392437,31312.0,False,False,True,False,False,True,True,True,True
262,0.5698454266734798,0.47007908093008616,0.6120274562032578,0.3815789473684211,15656.0,0.6379982261402424,0.5507401048675236,0.7581119059785386,15656.0,0.5540386535351642,0.5813837805353907,0.5698454266734798,31312.0,0.5540386535351642,0.5813837805353907,0.5698454266734798,31312.0,False,False,True,False,True,False,True,True,True
263,0.579618037812979,0.48760169722449304,0.6242400079736868,0.40003832396525296,15656.0,0.6436171652903749,0.5585788805864937,0.7591977516607051,15656.0,0.565609431257434,0.5914094442800903,0.579618037812979,31312.0,0.565609431257434,0.5914094442800903,0.579618037812979,31312.0,False,False,True,False,True,True,False,True,True
264,0.5434338272866632,0.41890903178603367,0.5760116253073999,0.3291389882473173,15656.0,0.6240071537530903,0.5304032907091121,0.7577286663260092,15656.0,0.521458092769562,0.553207458008256,0.5434338272866632,31312.0,0.521458092769562,0.5532074580082561,0.5434338272866632,31312.0,False,False,True,False,True,True,True,False,True
265,0.6486011752682678,0.64658079850962,0.650319829424307,0.6428845171180378,15656.0,0.6505985837223334,0.6469213766971897,0.6543178334184977,15656.0,0.6485896911159768,0.6486206030607484,0.6486011752682678,31312.0,0.6485896911159766,0.6486206030607484,0.6486011752682678,31312.0,False,False,True,False,True,True,True,True,False
266,0.5707715891670925,0.4711160081851094,0.6135711357113571,0.3823454266734798,15656.0,0.6388261851015801,0.551401002041195,0.7591977516607051,15656.0,0.5549710966433448,0.5824860688762761,0.5707715891670925,31312.0,0.5549710966433448,0.5824860688762761,0.5707715891670925,31312.0,False,False,True,True,False,False,True,True,True
